Region,WklyArrivals,Sum_Revenue
Central,917.0,35973064.36000001
Midwest,2211.0,80868519.63000003
Northeast,4003.0,147166329.86999986
Northwest,730.0,31750396.38
Southeast,3301.0,122020181.9200001
Southwest,724.0,29804757.660000004
Western,1903.0,80471645.46999997
