epoch,accuracy,loss,val_accuracy,val_loss
0,0.85680145,1.048052612472983,0.8512397,1.0558546365785204
1,0.8621324,1.0433362161411959,0.8446281,1.0597224870003945
2,0.8516544,1.0518686224432552,0.8446281,1.0619938387358485
3,0.8454044,1.060165169659783,0.8280992,1.0777921241177015
4,0.85404414,1.0500691764494952,0.8429752,1.0605936751877967
5,0.85790443,1.0461465555078844,0.8446281,1.0578089426371677
